Word,ACT_R_activation,Location_fan,List
internist,122.4167309454615,False,2
missionaris,130.2173335666804,False,2
kluizenaar,121.89075269891634,False,2
dokter,116.69104810442762,False,2
kloosterling,135.50552077839384,False,2
stroper,131.32328332401485,False,2
slager,125.87033456201384,False,2
kapitein,126.67005571045065,False,2
acrobaat,124.49728683682605,False,2
soldaat,124.95833456476754,False,2
kolonel,140.92248562103975,False,2
chirurg,117.49344577837057,False,2
bakker,147.19318143012882,False,2
klant,120.167580943166,False,2
groenteboer,123.76472353905054,False,2
verkoper,128.562396974477,False,2
loodgieter,119.25071534377838,False,2
jager,136.07166170036945,False,2
admiraal,129.0323040102191,False,2
monteur,131.0419124116718,False,2
goochelaar,128.98655742729602,False,2
monnik,118.61185167254347,False,2
neuroloog,134.53708268381592,False,2
kruidenier,132.70569896841783,False,2
procureur,129.41598387161125,False,4
elektricien,118.39270776791007,False,4
kloosterling,129.75700394222227,False,4
denker,133.82909654001497,False,4
illustrator,124.58682036180342,False,4
stroper,135.90089592921396,False,4
internist,125.85143344514563,False,4
loodgieter,119.12414849462338,False,4
jager,140.38090455064173,False,4
schilder,123.91800229654632,False,4
kunstenaar,127.95043447177457,False,4
monteur,132.7274429681656,False,4
missionaris,127.7234039176817,False,4
installateur,134.5092528249205,False,4
admiraal,131.94504211990557,False,4
advocaat,118.36172917785795,False,4
kolonel,144.60225174509475,False,4
notaris,125.48317133648449,False,4
kluizenaar,118.66806987224268,False,4
wetenschapper,112.57169819303377,False,4
raadsman,128.7454146544123,False,4
graficus,123.46368849999799,False,4
dokter,121.23029920669335,False,4
monnik,117.31435681323832,False,4
notaris,128.67174281784787,False,6
loodgieter,114.73658429761771,False,6
soldaat,125.63960175899173,False,6
kapitein,131.26109392414864,False,6
onderzoeker,114.84384356861027,False,6
elektricien,117.47675387768254,False,6
zanger,127.75706143759207,False,6
jager,144.3362668403568,False,6
deejay,135.3194808837799,False,6
kelner,112.28108938982679,False,6
procureur,131.58023511685724,False,6
internist,123.53823317410777,False,6
chirurg,115.73683167078147,False,6
installateur,133.62136213992213,False,6
dokter,117.56391349242392,False,6
artiest,140.9011474485563,False,6
visser,131.85324689827314,False,6
muzikant,130.39245671015578,False,6
ober,122.33830946391124,False,6
barman,124.49297954348603,False,6
monteur,128.79235133082614,False,6
neuroloog,134.09650954842857,False,6
wetenschapper,118.12110529224091,False,6
serveerster,116.30804657684588,False,6
kapitein,132.93217631696953,False,8
goochelaar,123.36639024196124,False,8
clown,137.43237049444397,False,8
bakker,147.54418175070464,False,8
slager,125.99099275632065,False,8
monteur,132.96455168164118,False,8
dronkaard,120.8530390279181,False,8
illustrator,127.5300694975844,False,8
kloosterling,133.31456914891388,False,8
graficus,124.74283904013862,False,8
missionaris,127.14955050405749,False,8
dokter,118.45276354450459,False,8
landloper,130.45581454122205,False,8
chirurg,118.87045271270877,False,8
schilder,124.8519023089665,False,8
kruidenier,135.96864232420077,False,8
monnik,116.867551980452,False,8
kluizenaar,119.13974992192345,False,8
kunstenaar,126.99173374716912,False,8
internist,120.40779147040448,False,8
installateur,134.60273904165618,False,8
neuroloog,130.8396722197546,False,8
groenteboer,122.69952394714397,False,8
admiraal,133.97226562483587,False,8
missionaris,136.70645460306272,False,10
landloper,133.07804934988184,False,10
professor,138.51642414803572,False,10
ober,121.78734576576227,False,10
kelner,109.80872192107302,False,10
installateur,127.96198055500827,False,10
kluizenaar,116.89287230739109,False,10
notaris,122.41211800867575,False,10
kloosterling,134.2143059777672,False,10
monnik,122.45327878750663,False,10
serveerster,115.9359316764286,False,10
elektricien,116.48488476346603,False,10
loodgieter,110.84499630938853,False,10
advocaat,112.94468841981455,False,10
dronkaard,116.81565366785732,False,10
schrijver,138.04468872687642,False,10
barman,122.809855660197,False,10
raadsman,124.6164266628189,False,10
procureur,128.97514330845954,False,10
monteur,127.43468568221098,False,10
klant,116.25497451964944,False,10
auteur,135.64919253476558,False,10
verkoper,123.02622837994392,False,10
onderzoeker,113.04449672747157,False,10
kolonel,141.06863221288398,False,12
barman,129.61456282081386,False,12
monnik,118.12518463921147,False,12
missionaris,129.20091384756046,False,12
graficus,124.08104809798071,False,12
soldaat,124.60610019298178,False,12
serveerster,126.30523796680943,False,12
bakker,154.7145784888676,False,12
elektricien,116.5001474025187,False,12
advocaat,118.7515381726679,False,12
admiraal,131.41480355218616,False,12
kunstenaar,127.73636011838337,False,12
loodgieter,117.98034117433991,False,12
schilder,124.44653335883555,False,12
denker,135.4778730241954,False,12
kapitein,127.49486804136654,False,12
kloosterling,129.87728627427674,False,12
kluizenaar,119.32548908953562,False,12
monteur,130.4446903663813,False,12
illustrator,126.01271211077085,False,12
raadsman,130.50553974773533,False,12
wetenschapper,114.25209373817796,False,12
installateur,131.97970524637336,False,12
groenteboer,128.0237079557182,False,12
soldaat,125.29014050104551,False,14
monnik,117.64542250589545,False,14
kloosterling,131.49545701221555,False,14
journalist,124.7719721783916,False,14
kelner,116.67269865352823,False,14
clown,138.1519692610357,False,14
vertaler,127.73935446727398,False,14
admiraal,125.98379145995364,False,14
installateur,140.00977725037998,False,14
schrijver,128.61149363493666,False,14
dokter,118.09990892792872,False,14
notaris,131.8614428490052,False,14
procureur,128.68629596161833,False,14
kapitein,122.26265391515761,False,14
kolonel,138.48822483673277,False,14
kluizenaar,119.72434891126692,False,14
chirurg,111.56268337071735,False,14
internist,122.14195877023442,False,14
serveerster,127.0258856426906,False,14
elektricien,119.90169175557405,False,14
missionaris,125.72253281535512,False,14
neuroloog,130.09294085708964,False,14
acrobaat,126.45327253115892,False,14
auteur,134.2653886116162,False,14
kruidenier,127.28172511671913,False,16
raadsman,132.4351153564472,False,16
muzikant,131.55468448736409,False,16
artiest,140.2630342063871,False,16
installateur,127.83745569998553,False,16
slager,121.5445483661636,False,16
kolonel,141.74682834456405,False,16
zanger,127.0897216300211,False,16
stroper,130.68916344551516,False,16
bakker,145.27213383215215,False,16
loodgieter,116.60516797523866,False,16
admiraal,130.50779623666384,False,16
monteur,128.78207024346904,False,16
consument,130.358363567782,False,16
jager,136.2655608447442,False,16
soldaat,124.27973292441732,False,16
missionaris,133.67025091196473,False,16
groenteboer,122.75514355286921,False,16
kloosterling,136.8624580805692,False,16
klant,116.14300647754187,False,16
kapitein,127.68554753984964,False,16
notaris,127.97328272850494,False,16
deejay,136.1155457560746,False,16
elektricien,117.60083500655163,False,16
ober,122.94081623516063,False,18
kluizenaar,122.96353479019014,False,18
barman,125.33318442805071,False,18
kolonel,142.1059292875619,False,18
journalist,127.58416520321873,False,18
serveerster,118.46641517002818,False,18
admiraal,131.43738374572717,False,18
kapitein,124.28068071703596,False,18
loodgieter,114.34202634057763,False,18
schrijver,134.23527590516892,False,18
monteur,126.93090698875531,False,18
verkoper,129.57744760429725,False,18
soldaat,122.79602671723207,False,18
onderzoeker,112.86379628986646,False,18
professor,134.51565570019264,False,18
missionaris,131.89544620617693,False,18
elektricien,117.10143030719951,False,18
chirurg,113.5381749461381,False,18
winkelier,119.95546926510583,False,18
internist,122.678383883371,False,18
installateur,133.23742125334064,False,18
neuroloog,134.22172092924586,False,18
dokter,115.16150764689101,False,18
kelner,111.3117416561057,False,18
internist,120.44950283103384,False,20
kelner,113.37965262417123,False,20
kolonel,145.5932619596953,False,20
monnik,120.7918672528615,False,20
groenteboer,126.76825028676248,False,20
installateur,132.08889978695186,False,20
schutter,131.64993377230985,False,20
notaris,126.04494938137626,False,20
elektricien,116.60981499963117,False,20
monteur,129.44207432598367,False,20
kloosterling,133.5279349895382,False,20
kluizenaar,120.97028233206639,False,20
ober,121.8426111913745,False,20
loodgieter,115.91037441056966,False,20
advocaat,116.59133219762417,False,20
neuroloog,131.18652606442774,False,20
stroper,135.0073693231311,False,20
chirurg,114.55280801270193,False,20
raadsman,126.76825028676248,False,20
procureur,128.72804684112288,False,20
dokter,116.71957068054446,False,20
missionaris,131.75520638175735,False,20
admiraal,133.11997061932686,False,20
bakker,151.9395441121884,False,20
kluizenaar,118.66549593743667,False,22
wetenschapper,112.44465488987225,False,22
missionaris,129.59266817163413,False,22
raadsman,128.94572066912372,False,22
advocaat,115.39823072353848,False,22
dokter,116.21623775418335,False,22
soldaat,127.19858904557655,False,22
notaris,125.69535268365941,False,22
chirurg,112.31259576556799,False,22
neuroloog,131.68883939125922,False,22
kloosterling,132.6158741492627,False,22
loodgieter,116.49224144778887,False,22
elektricien,117.59259356473355,False,22
kunstenaar,132.99140909418472,False,22
illustrator,129.0169156514715,False,22
internist,123.05897967403547,False,22
barman,129.41893884606853,False,22
installateur,133.102809750025,False,22
procureur,128.66624505911997,False,22
professor,135.8672630350662,False,22
admiraal,134.4819107123887,False,22
monteur,130.5572886091908,False,22
serveerster,123.05173275202776,False,22
monnik,118.85732354523587,False,22
verkoper,126.85590235069562,False,24
raadsman,129.60563139581583,False,24
kruidenier,130.98093942948478,False,24
neuroloog,134.51765043866544,False,24
internist,125.36932362207621,False,24
soldaat,126.61880575295535,False,24
bakker,146.55417763799235,False,24
kluizenaar,121.69216681043224,False,24
notaris,128.3980753253343,False,24
kloosterling,132.2300230343342,False,24
slager,125.1273657550503,False,24
kolonel,141.48155823310577,False,24
klant,117.75098557747931,False,24
admiraal,130.0067673362302,False,24
loodgieter,116.14693225086403,False,24
missionaris,129.47938977964068,False,24
vertaler,129.43903347817758,False,24
schrijver,134.37832302224055,False,24
kapitein,128.14285287536558,False,24
installateur,129.2472641627805,False,24
elektricien,116.02947984837316,False,24
monnik,119.15705669743808,False,24
groenteboer,123.96303821580352,False,24
monteur,129.27986877226766,False,24
procureur,134.65433572240863,False,26
deejay,131.45101000649143,False,26
klant,114.47416619784103,False,26
artiest,140.9712287167962,False,26
missionaris,138.85790670326438,False,26
zanger,129.46866084121368,False,26
ober,120.80831703145698,False,26
kruidenier,126.30971908315911,False,26
monteur,127.28657179876039,False,26
clown,132.68847418789002,False,26
bakker,150.38406593592603,False,26
groenteboer,117.81926292410354,False,26
monnik,126.56809232961221,False,26
verkoper,122.0084772273058,False,26
slager,117.9987312427035,False,26
notaris,125.10341199455809,False,26
elektricien,114.36969476389206,False,26
barman,121.43053484741098,False,26
installateur,126.62255045607533,False,26
loodgieter,111.24091339173299,False,26
muzikant,133.38179688824286,False,26
dompteur,124.85084091255922,False,26
serveerster,114.75782536152954,False,26
kelner,110.43931591212763,False,26
auteur,134.86073729405499,False,28
kelner,112.09055154136986,False,28
acrobaat,122.4503562626198,False,28
vertaler,134.7211795612736,False,28
elektricien,115.84954723844687,False,28
kunstenaar,133.9403692972435,False,28
monnik,122.1282597334497,False,28
installateur,127.60677025415121,False,28
wetenschapper,121.44550975560911,False,28
illustrator,129.96322094829677,False,28
slager,120.69073301902031,False,28
clown,134.96623590720793,False,28
bakker,149.64937973204638,False,28
loodgieter,111.17744451164364,False,28
ober,122.50519394165542,False,28
monteur,124.64949327967815,False,28
goochelaar,122.13889774272715,False,28
serveerster,118.42107633965684,False,28
kluizenaar,121.79765424127339,False,28
barman,123.85516826992776,False,28
professor,140.23923723862328,False,28
dompteur,120.10906376085292,False,28
groenteboer,117.59434406170533,False,28
kruidenier,131.4384177133417,False,28
notaris,125.3180143364402,False,30
dokter,119.55089892612062,False,30
kapitein,128.3232824441705,False,30
graficus,133.7472732831065,False,30
bakker,147.90513553005107,False,30
neuroloog,134.98275763851626,False,30
raadsman,128.86603105700183,False,30
loodgieter,115.65462427766062,False,30
admiraal,131.14836347901178,False,30
monteur,129.8019034904546,False,30
ober,121.41235230299147,False,30
groenteboer,125.39766265630462,False,30
slager,125.84584010478974,False,30
serveerster,119.68214084020977,False,30
kolonel,140.68614395963775,False,30
verkoper,124.02016412615706,False,30
chirurg,116.75495656859118,False,30
internist,123.27008034281255,False,30
soldaat,127.07550249139675,False,30
advocaat,114.69082521856708,False,30
schilder,134.32452154160083,False,30
procureur,127.98292975585639,False,30
klant,117.7094249953739,False,30
kruidenier,131.53259238552775,False,30
kruidenier,139.87410293200028,False,32
kunstenaar,126.2709633525914,False,32
verkoper,124.66879164621444,False,32
procureur,129.01544550281662,False,32
illustrator,125.37939912523996,False,32
klant,119.55264872060273,False,32
kluizenaar,118.08201190296542,False,32
goochelaar,124.14472427831467,False,32
wetenschapper,114.28517245957725,False,32
schilder,122.05468391379668,False,32
graficus,122.03598282244408,False,32
missionaris,128.89682506807074,False,32
clown,136.63904800658366,False,32
slager,126.52727697420912,False,32
dompteur,121.14284875946181,False,32
advocaat,116.31324390508517,False,32
elektricien,117.99215557384356,False,32
denker,135.21809038065044,False,32
notaris,123.4827371316806,False,32
monnik,117.66277144695407,False,32
raadsman,128.12624549016965,False,32
acrobaat,119.48916596879394,False,32
kloosterling,130.88199245814988,False,32
monteur,134.68139697183963,False,32
professor,132.8305491246812,False,34
admiraal,135.26398033477324,False,34
raadsman,129.6031913658549,False,34
missionaris,134.4734387887934,False,34
installateur,130.6747341604628,False,34
neuroloog,133.97687921162935,False,34
groenteboer,125.89734228590684,False,34
dokter,116.66715388070978,False,34
barman,127.68261397065613,False,34
chirurg,115.59913146003262,False,34
elektricien,115.47009583742636,False,34
monnik,124.33975369176571,False,34
kruidenier,131.37378374612078,False,34
bakker,149.0483575390942,False,34
slager,124.34896408870313,False,34
monteur,128.77505051031093,False,34
notaris,124.84276540058596,False,34
onderzoeker,113.98785616479196,False,34
procureur,129.44583784749256,False,34
loodgieter,113.7586269790256,False,34
advocaat,114.7250130450517,False,34
kapitein,131.43216498102845,False,34
serveerster,120.18886708377974,False,34
internist,123.00497763467632,False,34
kloosterling,131.39491748370196,False,36
neuroloog,131.28119476521854,False,36
ober,126.00273242249877,False,36
clown,134.6512236150077,False,36
goochelaar,122.96148856711653,False,36
schilder,122.92762919506745,False,36
acrobaat,119.96660695140588,False,36
kelner,116.9111180761614,False,36
advocaat,115.72175705465881,False,36
admiraal,131.0873734212696,False,36
raadsman,128.93758317095677,False,36
illustrator,126.51693828311949,False,36
kunstenaar,128.81935227474415,False,36
kolonel,144.11075799455782,False,36
notaris,126.2605131383004,False,36
procureur,127.33351699630546,False,36
dompteur,117.80087163197895,False,36
missionaris,129.10607938628777,False,36
dokter,122.32035333816499,False,36
monteur,135.179487798775,False,36
graficus,123.12952798841769,False,36
monnik,118.547465473083,False,36
kluizenaar,117.43021236508963,False,36
elektricien,118.4465470771058,False,36
procureur,128.23952315450927,False,38
deejay,134.7423481184942,False,38
elektricien,116.72752120471111,False,38
notaris,124.05724527867045,False,38
kloosterling,131.88252744817984,False,38
monnik,119.45230372453227,False,38
advocaat,115.90701671782364,False,38
soldaat,128.09845392509806,False,38
neuroloog,135.45281602692668,False,38
groenteboer,125.28171886901966,False,38
installateur,130.14924098770805,False,38
chirurg,118.0201886993996,False,38
zanger,126.55140815111419,False,38
missionaris,129.91732323744756,False,38
raadsman,130.08723821078965,False,38
loodgieter,116.44714681775464,False,38
verkoper,124.65647192303041,False,38
muzikant,130.11681422029454,False,38
admiraal,134.32115895611076,False,38
consument,131.6210877658996,False,38
monteur,130.544155400315,False,38
artiest,140.68826007755928,False,38
kluizenaar,120.99388470059131,False,38
kruidenier,132.2317259414227,False,38
deejay,132.89000262532548,False,40
goochelaar,122.07688181758121,False,40
serveerster,116.96386742903309,False,40
notaris,123.07099029527976,False,40
groenteboer,116.98821832543898,False,40
artiest,142.39491152507142,False,40
kluizenaar,122.49565163773654,False,40
bakker,148.45759858570082,False,40
slager,121.05355977791065,False,40
kloosterling,136.25705855185586,False,40
acrobaat,121.2465283736041,False,40
dompteur,120.40200494434049,False,40
advocaat,114.64397095220656,False,40
auteur,134.73875068864348,False,40
procureur,131.2792809507456,False,40
monteur,125.95406511141645,False,40
kruidenier,130.4552567535136,False,40
ober,119.81647740749027,False,40
raadsman,128.58259398245633,False,40
installateur,127.35665196665548,False,40
schrijver,135.93964480137848,False,40
elektricien,114.55669078807071,False,40
loodgieter,110.98706045617183,False,40
clown,132.09240891824754,False,40
loodgieter,118.9256750182237,False,42
installateur,135.68931449478336,False,42
kloosterling,132.8788966921062,False,42
elektricien,118.98658396576863,False,42
muzikant,130.02181890592954,False,42
soldaat,119.49334535764788,False,42
artiest,142.97801162246225,False,42
jager,141.5746428038005,False,42
kunstenaar,128.78524930277615,False,42
admiraal,128.45592643098587,False,42
kluizenaar,119.82217074804028,False,42
missionaris,127.7651612513201,False,42
barman,127.66660770207854,False,42
monnik,117.5823824227115,False,42
schilder,128.07805269809697,False,42
stroper,133.9841654419845,False,42
ober,126.59065686870477,False,42
kapitein,123.43087233349064,False,42
dokter,115.62538336634358,False,42
monteur,130.44761688525116,False,42
chirurg,115.41858495593725,False,42
neuroloog,133.13961861496915,False,42
internist,121.71889876975501,False,42
kolonel,138.29913485242545,False,42
internist,122.91266701315656,False,44
goochelaar,124.67384516677023,False,44
notaris,123.43588525113725,False,44
vertaler,135.52776907000734,False,44
consument,131.8590954926153,False,44
raadsman,128.07695943205238,False,44
bakker,148.41247420143884,False,44
dokter,121.57477686558492,False,44
acrobaat,124.08023005852465,False,44
auteur,137.52046223267962,False,44
clown,132.71176656344545,False,44
verkoper,123.54949113115754,False,44
monteur,127.42086980629334,False,44
advocaat,113.2734806123125,False,44
kelner,110.55256403368712,False,44
barman,125.47585110941061,False,44
installateur,128.36167418307753,False,44
procureur,130.54723978826468,False,44
elektricien,116.01892686838121,False,44
chirurg,117.65980585695819,False,44
dompteur,120.42391591090326,False,44
kruidenier,134.25141693305562,False,44
neuroloog,133.6434786974143,False,44
loodgieter,113.5158330363591,False,44
illustrator,124.86080164986518,False,46
raadsman,131.47808669339452,False,46
internist,121.76805114419705,False,46
chirurg,114.69398575689415,False,46
kunstenaar,127.18123674084204,False,46
zwerver,121.87077567514369,False,46
dronkaard,121.62978341580992,False,46
elektricien,115.63353954310436,False,46
procureur,128.4942769700646,False,46
installateur,134.95260007986997,False,46
admiraal,130.95692635839816,False,46
artiest,141.33846931488898,False,46
neuroloog,129.6204680703162,False,46
kloosterling,131.99059768807294,False,46
missionaris,128.80808094677144,False,46
advocaat,116.83878545456461,False,46
graficus,123.36954685310879,False,46
notaris,124.66226463386386,False,46
deejay,135.6292716251499,False,46
loodgieter,116.93006583594541,False,46
monteur,132.1103368518334,False,46
kolonel,143.89870040644857,False,46
schilder,125.48694420638215,False,46
dokter,119.34977128908271,False,46
notaris,123.8851154195477,False,48
bakker,152.63962275744893,False,48
groenteboer,125.73237466465383,False,48
klant,117.0096675018584,False,48
wetenschapper,121.41265217375071,False,48
barman,126.632807297817,False,48
monteur,129.13668942010537,False,48
admiraal,135.64745258872745,False,48
neuroloog,135.95268939882047,False,48
installateur,130.13345518162703,False,48
internist,123.82179664757943,False,48
raadsman,128.60052721209166,False,48
procureur,128.66402917569025,False,48
serveerster,117.63973914164612,False,48
ober,121.3484259912612,False,48
onderzoeker,114.87065526298242,False,48
advocaat,113.92771658962539,False,48
loodgieter,114.66703898895962,False,48
consument,133.127656720069,False,48
elektricien,116.86160887632222,False,48
dokter,118.55457501000512,False,48
kapitein,133.31676623483412,False,48
kelner,111.340352634419,False,48
chirurg,115.90649175230037,False,48
monnik,117.64445040238564,False,50
kunstenaar,124.4353043683452,False,50
groenteboer,123.28455163103563,False,50
kloosterling,130.3830392667956,False,50
raadsman,132.53824248019384,False,50
illustrator,124.27034056673652,False,50
advocaat,119.26146110891392,False,50
bakker,149.69058430813578,False,50
neuroloog,131.13229241387043,False,50
kluizenaar,120.34558190621719,False,50
notaris,123.84325293837094,False,50
zanger,127.1394121142964,False,50
kruidenier,137.01913179617026,False,50
graficus,122.93986653831941,False,50
schilder,124.06046548688694,False,50
deejay,134.29889675913515,False,50
procureur,131.43459589567493,False,50
denker,133.76788005632184,False,50
slager,125.59729282821526,False,50
installateur,133.24624131077445,False,50
wetenschapper,113.28780225429472,False,50
missionaris,128.40207551817718,False,50
internist,124.72766337615136,False,50
monteur,135.6153318528312,False,50
consument,132.87108680593872,False,52
neuroloog,130.34188754427907,False,52
professor,135.65781478408314,False,52
wetenschapper,112.58780807501428,False,52
admiraal,125.37733252211166,False,52
raadsman,131.01232050428968,False,52
kloosterling,131.17313246498213,False,52
dokter,117.74599085696825,False,52
kluizenaar,121.46475166085015,False,52
klant,122.83597696314297,False,52
advocaat,117.36006345712498,False,52
monnik,117.94202132405098,False,52
soldaat,127.4105431048157,False,52
deejay,141.62252453444273,False,52
procureur,126.36263553216995,False,52
missionaris,126.94692241870331,False,52
notaris,129.22168258244042,False,52
groenteboer,131.7701824835552,False,52
internist,123.47562593271967,False,52
kruidenier,139.32455408551584,False,52
kolonel,138.7453703955779,False,52
chirurg,113.80978802688271,False,52
zanger,128.20213569318892,False,52
kapitein,123.47012944340597,False,52
goochelaar,125.22415478525079,False,54
loodgieter,111.15810025677095,False,54
barman,122.50568456441042,False,54
chirurg,122.03742654397132,False,54
monteur,124.80044212907222,False,54
zanger,134.68582059226432,False,54
bakker,149.20375793307554,False,54
serveerster,113.04524680868614,False,54
verkoper,124.60698792518616,False,54
ober,120.82747900899228,False,54
kelner,110.0357092814451,False,54
dokter,119.68402299458218,False,54
slager,121.38846735019754,False,54
clown,134.8100933920246,False,54
neuroloog,135.59452706129716,False,54
professor,139.67094001627635,False,54
klant,118.28449690958416,False,54
deejay,134.0236967434291,False,54
onderzoeker,119.61560133878086,False,54
internist,122.78516356432888,False,54
installateur,126.74174060900687,False,54
kruidenier,128.5339978097382,False,54
elektricien,115.10646673466866,False,54
groenteboer,118.66471151165216,False,54
dokter,119.04170561932895,False,56
zwerver,117.57236420962677,False,56
admiraal,132.58408364270042,False,56
kruidenier,132.60267945733244,False,56
monnik,122.35442864363613,False,56
artiest,140.6261293492695,False,56
kelner,114.05395444985469,False,56
kapitein,130.34029011414785,False,56
slager,126.19844160883494,False,56
graficus,130.46085926804628,False,56
serveerster,123.22209508248869,False,56
deejay,132.13482683640888,False,56
chirurg,121.46885446926018,False,56
schilder,130.04664012885803,False,56
muzikant,129.02212959628716,False,56
groenteboer,122.17316765101738,False,56
bakker,150.72202856892477,False,56
kloosterling,136.01624247577314,False,56
ober,123.90998295755494,False,56
dronkaard,117.11801072772806,False,56
neuroloog,132.56888081055106,False,56
internist,121.15113145132848,False,56
zanger,121.15919114472096,False,56
barman,123.94579291510408,False,56
acrobaat,121.55187958834915,False,58
barman,124.25530132849121,False,58
ober,119.94465093819792,False,58
chirurg,120.1486440519292,False,58
kelner,110.94350134141993,False,58
graficus,132.09673716727386,False,58
kruidenier,132.01619269077048,False,58
dokter,121.84350359553662,False,58
bakker,147.57494614781405,False,58
verkoper,124.07345447477303,False,58
illustrator,136.26926713579851,False,58
clown,132.4844549177477,False,58
goochelaar,120.95446658921082,False,58
neuroloog,134.4794076065726,False,58
procureur,132.38314859152416,False,58
landloper,129.03806765394927,False,58
notaris,123.59113567225452,False,58
dompteur,118.39770695831837,False,58
bedelaar,133.77235130478718,False,58
groenteboer,116.84831215643491,False,58
internist,121.5576109559936,False,58
slager,120.80795102122931,False,58
consument,130.03536370489007,False,58
serveerster,118.86274272932775,False,58
installateur,130.65076432205873,False,60
ober,122.28816511768584,False,60
schilder,130.3656152471675,False,60
monteur,128.93381664162882,False,60
slager,124.91776124795194,False,60
elektricien,116.27556223235297,False,60
notaris,125.09928707543064,False,60
bakker,147.42221750167877,False,60
kapitein,129.9578895165571,False,60
denker,138.08301873620437,False,60
groenteboer,123.63941247639609,False,60
kolonel,141.1273376530153,False,60
procureur,130.20013222532512,False,60
raadsman,128.14296526158697,False,60
kruidenier,131.52920553451577,False,60
admiraal,131.15766156589964,False,60
soldaat,125.95505315109361,False,60
kunstenaar,132.75264352420584,False,60
neuroloog,134.5585263793077,False,60
internist,123.99566803471471,False,60
advocaat,114.81652305685907,False,60
barman,127.97947608613298,False,60
loodgieter,116.62253879312259,False,60
wetenschapper,119.92358700209353,False,60
kruidenier,136.3349496156304,False,62
neuroloog,130.59885376713135,False,62
monnik,116.5615043039911,False,62
dokter,117.77308257205965,False,62
raadsman,132.279246706398,False,62
kapitein,124.40741563353754,False,62
auteur,132.8583882176332,False,62
admiraal,127.96131065141171,False,62
soldaat,124.2818986127034,False,62
slager,129.17705360843252,False,62
elektricien,118.45716510803675,False,62
chirurg,114.4714881187498,False,62
illustrator,128.42427852520768,False,62
procureur,131.38283423043745,False,62
internist,121.64686593960799,False,62
groenteboer,129.57265620998027,False,62
kloosterling,130.89147814186924,False,62
bakker,148.26106018489418,False,62
kluizenaar,121.4536876952634,False,62
journalist,126.49724626108656,False,62
monteur,133.90869495969082,False,62
kunstenaar,131.67435694678085,False,62
missionaris,126.57692889922554,False,62
kolonel,137.9198975048195,False,62
kunstenaar,132.88576455300165,False,64
monnik,119.62908682422871,False,64
kapitein,122.94861452598347,False,64
barman,125.69011909302016,False,64
admiraal,129.37939201769805,False,64
zanger,128.81757700537915,False,64
monteur,129.55419228391278,False,64
procureur,129.2948380603969,False,64
installateur,134.75494208926423,False,64
chirurg,115.1344538226482,False,64
kluizenaar,119.3360970311171,False,64
serveerster,120.68235591997085,False,64
kloosterling,132.25845264210668,False,64
loodgieter,116.50692659942875,False,64
soldaat,121.0991532892004,False,64
artiest,142.00051798598662,False,64
kelner,113.68455940143505,False,64
graficus,131.05652138876027,False,64
missionaris,129.63689100984828,False,64
raadsman,130.59057586366256,False,64
ober,123.62274079802083,False,64
dokter,118.74430177418392,False,64
kolonel,139.77216665314117,False,64
elektricien,117.28935530551287,False,64
groenteboer,125.08742445507872,False,66
artiest,138.69391133069144,False,66
soldaat,124.97617205834273,False,66
chirurg,118.11918646938584,False,66
serveerster,121.15546629239651,False,66
admiraal,131.6613408678944,False,66
kruidenier,131.45734623419412,False,66
neuroloog,129.97205459387075,False,66
kapitein,128.54509581053608,False,66
ober,124.85804825875054,False,66
illustrator,130.1495354389763,False,66
kunstenaar,129.25686485602628,False,66
installateur,134.19220581719964,False,66
raadsman,134.95106806291722,False,66
dokter,119.65900884530664,False,66
muzikant,127.97016120642498,False,66
slager,125.99527745613163,False,66
notaris,128.62668695368308,False,66
internist,121.91873232788946,False,66
kolonel,140.2491666486594,False,66
elektricien,116.5774031780899,False,66
bakker,146.97656643155526,False,66
zanger,124.8876480076312,False,66
deejay,134.35883967014976,False,66
groenteboer,120.98456057504218,False,68
kluizenaar,120.54983007452431,False,68
deejay,132.34139286986965,False,68
dokter,116.74087095039484,False,68
monnik,119.2428539239476,False,68
kloosterling,135.1904478766888,False,68
muzikant,131.4966769305965,False,68
serveerster,121.10446012947234,False,68
ober,122.6504173135041,False,68
zwerver,118.66707395693393,False,68
slager,123.06237341290611,False,68
procureur,132.56260233969417,False,68
kruidenier,131.06459279146796,False,68
artiest,140.00360490728656,False,68
missionaris,130.72905630053629,False,68
landloper,127.54729209177967,False,68
zanger,126.22589754852183,False,68
loodgieter,115.3155081417136,False,68
monteur,131.77275796261125,False,68
bakker,150.84561243525587,False,68
neuroloog,131.6253969591773,False,68
chirurg,119.23679539792329,False,68
internist,122.12818551673855,False,68
notaris,127.18067402188558,False,68
monteur,125.83327880655585,False,70
ober,121.129473703193,False,70
kolonel,148.13920847525486,False,70
kelner,111.07601191599416,False,70
consument,136.23213360021117,False,70
graficus,128.13495147617448,False,70
barman,125.76925183381456,False,70
goochelaar,122.68830942204042,False,70
dompteur,120.32567082181713,False,70
wetenschapper,119.70519386687171,False,70
verkoper,126.89253497097528,False,70
internist,121.13547533038857,False,70
soldaat,127.71033175824019,False,70
illustrator,131.88624682972215,False,70
loodgieter,114.23813454894741,False,70
installateur,129.81161754085272,False,70
elektricien,116.29915236319954,False,70
serveerster,116.76618952989217,False,70
denker,141.721378799859,False,70
chirurg,115.8949178119123,False,70
neuroloog,133.40034741570412,False,70
clown,133.36948559540073,False,70
dokter,120.37185489317123,False,70
acrobaat,120.89381681585715,False,70
monnik,118.1337703354122,False,72
procureur,133.6080832232691,False,72
graficus,122.21572783135346,False,72
illustrator,125.19677862512295,False,72
barman,126.87225734331334,False,72
kloosterling,132.62370811251145,False,72
kapitein,133.19586671973457,False,72
monteur,130.89329882461024,False,72
kruidenier,131.27225628134863,False,72
acrobaat,121.95189993926013,False,72
ober,125.33829056081265,False,72
loodgieter,113.59172876033219,False,72
kunstenaar,128.5330724190188,False,72
schilder,124.8802801171673,False,72
kolonel,148.05720469806042,False,72
notaris,124.01096265692219,False,72
missionaris,131.23240689061907,False,72
slager,122.40899450575263,False,72
groenteboer,120.39112317794876,False,72
installateur,129.93505582102125,False,72
goochelaar,124.53394850196926,False,72
elektricien,114.91913484089423,False,72
bakker,150.50051617072168,False,72
kluizenaar,118.94548296006406,False,72
advocaat,116.89254605395242,False,74
bakker,152.8693243439405,False,74
kloosterling,132.16412127612048,False,74
chirurg,117.59889740102487,False,74
graficus,123.03707361666349,False,74
dokter,122.4585785689067,False,74
monteur,134.4120971184223,False,74
dompteur,119.49667375209954,False,74
acrobaat,119.78711997186755,False,74
groenteboer,125.90472566530458,False,74
schilder,123.72705642507634,False,74
goochelaar,123.68373810910448,False,74
monnik,117.65812750349679,False,74
notaris,124.71658394795853,False,74
installateur,134.8755477312505,False,74
clown,136.65933995781606,False,74
kunstenaar,127.79483970300686,False,74
illustrator,125.86983594737129,False,74
kluizenaar,118.19675832337644,False,74
wetenschapper,110.61933865099299,False,74
onderzoeker,113.77974277518857,False,74
procureur,130.45818882920236,False,74
missionaris,128.0240081262312,False,74
raadsman,130.70615869830038,False,74
monteur,127.87610782559761,False,76
landloper,132.93209087091,False,76
bedelaar,136.08620226788705,False,76
schilder,127.53358941937653,False,76
zanger,130.79372626840706,False,76
kunstenaar,129.76523415347398,False,76
professor,138.19233289218107,False,76
wetenschapper,118.18476184961779,False,76
serveerster,120.31307628547879,False,76
admiraal,135.50014958352136,False,76
deejay,134.0711475864909,False,76
procureur,129.83868668642558,False,76
installateur,130.56781806911647,False,76
dronkaard,118.34015246748869,False,76
loodgieter,114.15674937546525,False,76
elektricien,116.15668054364961,False,76
zwerver,119.63404481895523,False,76
raadsman,129.78009201955115,False,76
advocaat,115.26845865313166,False,76
notaris,124.64595514538152,False,76
kapitein,130.7969026114799,False,76
kelner,111.77572592806303,False,76
illustrator,127.58439603561608,False,76
graficus,126.01767615577116,False,76
installateur,133.48412097407643,False,78
raadsman,130.9619722825191,False,78
procureur,130.29747081691832,False,78
schilder,124.20342797987759,False,78
missionaris,128.96291445395482,False,78
illustrator,126.42299640001914,False,78
slager,124.54515029616343,False,78
kloosterling,131.91174192892865,False,78
kruidenier,134.8635217750551,False,78
goochelaar,125.11703835242558,False,78
notaris,122.61782319444661,False,78
admiraal,133.41743991267066,False,78
kluizenaar,119.88812912916605,False,78
loodgieter,118.45718683044284,False,78
kolonel,145.93259837010413,False,78
kunstenaar,128.15269736415527,False,78
groenteboer,123.33012344073393,False,78
dokter,121.87936514723597,False,78
graficus,124.2493711219095,False,78
monnik,118.02060471253873,False,78
bakker,147.11219758361815,False,78
clown,137.73909341659393,False,78
advocaat,117.53213615603701,False,78
internist,124.24039297435493,False,78
zanger,126.8817944012507,False,80
kloosterling,132.53343021120892,False,80
monteur,132.87485401366916,False,80
elektricien,117.85355788943289,False,80
illustrator,123.80318834375687,False,80
soldaat,124.70542399359445,False,80
kapitein,125.79991032586184,False,80
graficus,124.83816189013328,False,80
jager,141.41072368921022,False,80
schilder,124.76641052924745,False,80
raadsman,130.53392166975468,False,80
installateur,134.5270310118965,False,80
kluizenaar,122.34766142179835,False,80
procureur,128.30493300051805,False,80
notaris,126.03012699053113,False,80
neuroloog,134.24163995808365,False,80
kolonel,139.03654291962275,False,80
deejay,138.74424172202336,False,80
advocaat,116.74136021481698,False,80
visser,135.28185724656294,False,80
kunstenaar,126.96851722556687,False,80
admiraal,129.12968570601493,False,80
loodgieter,119.21984610234415,False,80
chirurg,118.04601931671213,False,80
acrobaat,120.44183931595757,False,82
missionaris,130.58457662050515,False,82
graficus,125.32991739070356,False,82
illustrator,129.84247507229418,False,82
internist,126.05686866015184,False,82
loodgieter,115.4200966894891,False,82
chirurg,118.83072321927368,False,82
installateur,129.78420437877483,False,82
goochelaar,125.41623963075752,False,82
slager,124.34974313313997,False,82
monnik,119.88553564630939,False,82
notaris,122.56210492216293,False,82
raadsman,127.83204764072644,False,82
advocaat,115.31977437161521,False,82
elektricien,115.6876412865622,False,82
consument,132.0018716441901,False,82
dompteur,119.8113607328315,False,82
bakker,151.17497873469787,False,82
clown,134.6425004469062,False,82
procureur,129.3472714671929,False,82
verkoper,124.91417833805349,False,82
monteur,131.34572704505325,False,82
kloosterling,134.96932400608893,False,82
kluizenaar,119.21978239309315,False,82
elektricien,116.35758189763519,False,84
advocaat,115.60692383453726,False,84
serveerster,118.81761661088362,False,84
missionaris,135.64320015825058,False,84
barman,123.88519649792549,False,84
kelner,111.44583762486096,False,84
consument,133.90596971828424,False,84
bakker,153.78153162705348,False,84
soldaat,129.43925300474226,False,84
installateur,127.84911080887085,False,84
loodgieter,113.21370070199164,False,84
dokter,119.4138459322236,False,84
kluizenaar,121.33423292045423,False,84
neuroloog,138.6728413279986,False,84
admiraal,135.77163461278855,False,84
klant,115.24220613218986,False,84
kloosterling,135.62729448251113,False,84
monnik,122.35176048509726,False,84
notaris,123.74549641843709,False,84
raadsman,127.5995627507763,False,84
groenteboer,123.5284389931866,False,84
procureur,130.0565318599138,False,84
monteur,128.39640050109972,False,84
ober,120.14979940576627,False,84
kruidenier,137.0121010691008,False,86
advocaat,117.5559052313942,False,86
kolonel,144.41735716747283,False,86
missionaris,127.06148535902987,False,86
raadsman,130.8338407045127,False,86
admiraal,131.5842485880574,False,86
groenteboer,125.01553978205784,False,86
illustrator,127.11181547456063,False,86
dokter,122.09344246256505,False,86
wetenschapper,113.3392028146656,False,86
procureur,128.15438966502467,False,86
ober,125.95210903719892,False,86
kloosterling,129.10293445465612,False,86
slager,127.74378703256022,False,86
schilder,124.151733850673,False,86
bakker,149.586734349747,False,86
kluizenaar,119.39965228562195,False,86
notaris,124.24180944279611,False,86
kunstenaar,128.147415418685,False,86
monnik,116.99261457266614,False,86
denker,134.32099736264152,False,86
graficus,125.23682445360743,False,86
barman,131.31482246781417,False,86
internist,124.29841080464551,False,86
kruidenier,129.53715021602073,False,88
kapitein,134.54588977225126,False,88
slager,122.47924220245852,False,88
verkoper,125.0530194558028,False,88
elektricien,116.1342845816318,False,88
zanger,126.28239400091263,False,88
groenteboer,121.19166106718588,False,88
landloper,132.1305316367587,False,88
dokter,119.499869649024,False,88
kunstenaar,127.9899372209351,False,88
deejay,132.59453333905512,False,88
artiest,138.77292175525702,False,88
bedelaar,135.0975526632115,False,88
bakker,147.18384546846605,False,88
neuroloog,133.42680771232264,False,88
monteur,128.1884559810884,False,88
klant,117.99496993442384,False,88
installateur,128.7718407947326,False,88
admiraal,137.2092928319667,False,88
loodgieter,115.42836867503061,False,88
illustrator,131.54249651839422,False,88
internist,123.44216965351403,False,88
muzikant,129.12995235456606,False,88
chirurg,120.55889549708692,False,88
installateur,131.57978404742366,False,90
kunstenaar,129.13814575777155,False,90
advocaat,116.85499158219763,False,90
chirurg,118.01672464492219,False,90
graficus,124.66719101552515,False,90
raadsman,130.2048484010171,False,90
dronkaard,122.62520947913127,False,90
zwerver,122.90416130718224,False,90
bakker,152.78330161136606,False,90
notaris,123.45501218827278,False,90
internist,125.51150704398856,False,90
kloosterling,131.00754114442438,False,90
monnik,118.11191891739658,False,90
illustrator,125.32924760901504,False,90
procureur,130.57648708046358,False,90
kluizenaar,118.30230252830513,False,90
elektricien,115.81766220673052,False,90
loodgieter,115.48905907909445,False,90
schilder,127.23145027502461,False,90
missionaris,128.18336367723577,False,90
kruidenier,137.31752762953622,False,90
wetenschapper,113.75434066139893,False,90
professor,139.4603728618189,False,90
monteur,131.59598766647545,False,90
dokter,122.5476809564534,False,92
kunstenaar,132.47232904686592,False,92
kelner,109.69168137553628,False,92
zwerver,121.51066564328703,False,92
illustrator,132.4115790808086,False,92
raadsman,130.00010654714018,False,92
dronkaard,116.82018129435673,False,92
barman,124.32532770264976,False,92
klant,116.46788881244694,False,92
consument,132.4727830848092,False,92
ober,120.43425611109458,False,92
graficus,129.4922599413355,False,92
advocaat,116.93845374241845,False,92
schilder,130.4692463202756,False,92
bedelaar,132.56688126862494,False,92
notaris,121.89924370775451,False,92
monteur,129.85772803807436,False,92
internist,126.40225300016715,False,92
landloper,131.01629214227555,False,92
procureur,131.62877395013558,False,92
serveerster,117.97502559521536,False,92
elektricien,115.86007578879617,False,92
kruidenier,131.3667763306905,False,92
bakker,151.46124662757376,False,92
soldaat,126.68956536392567,False,94
dokter,119.24723972993412,False,94
wetenschapper,118.93613150343843,False,94
acrobaat,127.41237376818141,False,94
loodgieter,117.6613355036908,False,94
admiraal,129.25912030924337,False,94
kolonel,140.7746368606698,False,94
chirurg,116.25116729718235,False,94
onderzoeker,115.91047883379903,False,94
groenteboer,123.41147743410063,False,94
vertaler,130.80971751814806,False,94
bakker,145.26193646548126,False,94
monteur,127.13674113754513,False,94
elektricien,117.89422993726558,False,94
installateur,131.32110404923895,False,94
klant,120.0392095004161,False,94
auteur,135.739536252507,False,94
kruidenier,134.08573306548178,False,94
internist,123.45172786613321,False,94
neuroloog,133.46517539444469,False,94
consument,132.42238967195158,False,94
kapitein,127.23350322758375,False,94
clown,135.9028343451838,False,94
slager,127.41552210987945,False,94
landloper,128.52639183710787,False,96
notaris,122.18831299012409,False,96
chirurg,119.76612493132978,False,96
artiest,141.66711554192898,False,96
slager,120.9744401016165,False,96
muzikant,134.52050669006087,False,96
installateur,126.83871700496334,False,96
zwerver,120.45729241682236,False,96
groenteboer,120.95022987642072,False,96
internist,125.27955601111402,False,96
illustrator,132.6786782916118,False,96
kruidenier,130.72787498786178,False,96
dokter,120.34036246364722,False,96
neuroloog,133.6717879298004,False,96
dronkaard,120.96683200150188,False,96
raadsman,129.79680643280486,False,96
kunstenaar,130.31692644955785,False,96
procureur,132.57865638835722,False,96
verkoper,122.24875723044684,False,96
klant,116.04448540189351,False,96
bedelaar,131.5116274926458,False,96
bakker,148.8329028584157,False,96
advocaat,117.8469259545567,False,96
monteur,129.40561189034392,False,96
vertaler,131.33821131040034,False,98
clown,135.35291762909884,False,98
dompteur,118.51039603441538,False,98
monnik,118.64580005978176,False,98
notaris,127.90165016902898,False,98
kluizenaar,119.18489856183004,False,98
kloosterling,131.31299694720863,False,98
elektricien,119.38015853685252,False,98
auteur,136.39150844898379,False,98
groenteboer,126.64659894918815,False,98
chirurg,114.01653178068375,False,98
acrobaat,121.6794283208024,False,98
raadsman,128.195885007793,False,98
advocaat,116.04309959630662,False,98
installateur,138.57192615313653,False,98
dokter,119.8145208852806,False,98
bakker,148.6441884778235,False,98
missionaris,128.43668823101564,False,98
kapitein,127.85539283320851,False,98
neuroloog,128.28987700896633,False,98
procureur,128.17254183386618,False,98
internist,119.51951565140824,False,98
goochelaar,125.77837892804607,False,98
kolonel,142.31376883364425,False,98
missionaris,130.22900820700409,False,100
denker,136.8087808898932,False,100
zanger,132.2101471242116,False,100
artiest,143.14383706097556,False,100
installateur,132.01274306837564,False,100
loodgieter,116.398771787014,False,100
kelner,117.30486439029568,False,100
notaris,125.51613161301756,False,100
procureur,127.77891885309182,False,100
monteur,130.20546316285308,False,100
kloosterling,131.94356460957553,False,100
kluizenaar,119.6055401864669,False,100
advocaat,116.61773275007155,False,100
chirurg,115.56113229930912,False,100
wetenschapper,113.489989560444,False,100
monnik,119.87660195888327,False,100
serveerster,121.47981883855041,False,100
dokter,117.44720244800845,False,100
elektricien,116.7672944473536,False,100
neuroloog,131.13707519423787,False,100
groenteboer,124.89082617705246,False,100
internist,122.10206081319708,False,100
raadsman,128.83690804251734,False,100
bakker,155.16906459836648,False,100
plantenkas,118.26648447640078,True,1
terras,129.0822120701675,True,1
tram,127.99723056994303,True,1
metro,126.96167641724205,True,1
afgrond,139.11674116826597,True,1
bus,124.99142299701943,True,1
trein,137.63904649373808,True,1
tempel,138.64130900305767,True,1
filmhuis,124.74313826209095,True,1
synagoge,122.15505015655627,True,1
boetiek,126.22751053001588,True,1
supermarkt,133.78615435307563,True,1
warenhuis,132.6376661063833,True,1
greppel,134.1079611660223,True,1
cinema,119.77741292099684,True,1
plaatsje,125.09302596795804,True,1
theater,130.26189687865627,True,1
camper,132.83083895114345,True,1
bioscoop,119.8415876368287,True,1
gehucht,134.2137079791033,True,1
dorp,128.420549890951,True,1
stadje,126.30784325563016,True,1
winkel,118.9167700284291,True,1
caravan,137.5002482046762,True,1
gieterij,121.25635754172589,True,3
metro,130.4388998391173,True,3
tent,132.102165220813,True,3
basiliek,126.59299210985974,True,3
universiteit,130.70782868984796,True,3
hut,127.97952832728849,True,3
duinen,145.36870263778212,True,3
theater,125.89461967617234,True,3
afgrond,139.44007794512635,True,3
cinema,123.50225138703502,True,3
tram,130.86615521722763,True,3
crypte,116.3876892261637,True,3
campus,138.5256474552747,True,3
fabriek,120.91829675658508,True,3
kapel,122.71367513656368,True,3
firma,134.27543243890648,True,3
bus,128.5120828349658,True,3
sacristie,129.71837637409607,True,3
montagehal,125.40340616743858,True,3
woud,139.56560681553222,True,3
trein,140.49061145281104,True,3
bioscoop,120.15931351014365,True,3
filmhuis,124.60241875492886,True,3
kloof,139.2004080591359,True,3
supermarkt,138.87867228570616,True,5
park,133.42080935793192,True,5
serre,128.97454262762824,True,5
campus,136.02100655994207,True,5
luchtballon,128.94495514164902,True,5
vliegtuig,133.04071350714878,True,5
plantenkas,118.40337359346614,True,5
bioscoop,127.56521579883885,True,5
helikopter,127.52005038860703,True,5
crypte,115.9923025407736,True,5
gehucht,132.71440219436812,True,5
universiteit,134.1084608822625,True,5
plaatsje,123.05063124597737,True,5
theater,133.64435001432096,True,5
kapel,122.27849617553261,True,5
terras,127.69698910733874,True,5
straaljager,138.00435394761766,True,5
basiliek,128.1222118805724,True,5
stadje,123.42317449154072,True,5
winkel,120.8037180882091,True,5
dorp,131.77520550233947,True,5
duinen,147.6411207944996,True,5
tuin,126.22141977178046,True,5
sacristie,126.50259230511475,True,5
winkel,118.33085669056592,True,7
stadje,128.18609325617211,True,7
serre,126.8037140681621,True,7
crypte,117.34663087994004,True,7
firma,136.7589331146931,True,7
trein,139.88514827353197,True,7
warenhuis,135.4402915766017,True,7
supermarkt,137.88835163040778,True,7
metro,133.82160611650121,True,7
bus,126.06424343107612,True,7
tuin,125.57376981475943,True,7
kapel,124.13110680316369,True,7
boetiek,128.38509634190868,True,7
plantenkas,115.05652323890152,True,7
montagehal,125.96953408076564,True,7
kiepwagen,127.07977100921802,True,7
duinen,145.94610345792506,True,7
sacristie,125.04946598255985,True,7
plaatsje,127.30910158333438,True,7
terras,126.79636089170184,True,7
park,133.5060755484814,True,7
graafmachine,130.08427537948037,True,7
tram,129.5284474993647,True,7
basiliek,131.51492937906437,True,7
camper,134.13607602261177,True,9
tent,132.3705445806036,True,9
metro,125.11178084459209,True,9
plaatsje,123.81422100688233,True,9
theater,129.77300641840066,True,9
cinema,121.03181985656589,True,9
warenhuis,137.9998549806467,True,9
greppel,132.09109981174927,True,9
afgrond,139.67585164567905,True,9
bioscoop,120.7150133331544,True,9
basiliek,130.4794415452356,True,9
supermarkt,135.35301746371246,True,9
crypte,123.0377494138152,True,9
caravan,136.12784351178885,True,9
gehucht,135.48642395710883,True,9
dorp,128.06738174543213,True,9
filmhuis,125.85080414496606,True,9
tram,128.42514580522948,True,9
firma,139.39929297791883,True,9
stadje,125.55997376485594,True,9
trein,136.18268119082444,True,9
gieterij,120.77144511333114,True,9
bus,124.2253104871129,True,9
hut,127.84597274509746,True,9
huis,128.49544909887373,True,11
tent,130.8928477790409,True,11
campus,129.88202536108417,True,11
plaatsje,124.84937999316229,True,11
appartement,132.64778656734322,True,11
bus,127.31193400641341,True,11
bioscoop,120.70287322765996,True,11
stadje,123.48099643618663,True,11
woning,116.7366322578294,True,11
theater,126.04018507052842,True,11
caravan,138.3601063663658,True,11
pand,117.28473676525634,True,11
heiligdom,128.5162753599843,True,11
tram,131.32080910127988,True,11
tempel,133.08623655283372,True,11
universiteit,127.85763121100686,True,11
moskee,129.0479569853582,True,11
synagoge,116.9721669675774,True,11
faculteit,136.75607884032274,True,11
dorp,129.58728815658293,True,11
hogeschool,127.49202118584056,True,11
boetiek,128.27577365632968,True,11
gehucht,135.63601136286235,True,11
warenhuis,135.41984721676945,True,11
ravijn,136.34437693182485,True,13
bulldozer,144.30665144690514,True,13
kapel,122.04486218796393,True,13
dorp,133.46613253408282,True,13
greppel,129.48599473746003,True,13
sacristie,126.04446756540572,True,13
firma,134.73306214211104,True,13
plaatsje,124.9299090273306,True,13
tuin,126.94252878539399,True,13
gehucht,133.816702403054,True,13
truck,142.3988900888677,True,13
stadje,125.18884839416448,True,13
faculteit,136.60425243616353,True,13
terras,127.82420604250808,True,13
fabriek,122.5033605835461,True,13
universiteit,129.5363669116926,True,13
boetiek,132.33064083703712,True,13
crypte,116.64282511589307,True,13
plantenkas,117.66679709822941,True,13
hogeschool,128.85755714978615,True,13
campus,135.03368074477828,True,13
serre,129.99487153611182,True,13
basiliek,131.42286978359735,True,13
winkel,122.61614315207689,True,13
universiteit,125.56324667663557,True,15
firma,134.8294365597476,True,15
hogeschool,126.20988634253936,True,15
afgrond,143.9127508885461,True,15
campus,135.67943171444472,True,15
tent,134.00823069783158,True,15
stadje,123.0073344360121,True,15
greppel,129.0720287618551,True,15
hut,129.9545886431153,True,15
trein,138.5752678975476,True,15
gehucht,135.48774364761766,True,15
faculteit,136.66105073082056,True,15
dorp,129.90072287275225,True,15
gieterij,121.85333632812578,True,15
bioscoop,123.55962837475714,True,15
fabriek,118.81937306218506,True,15
tram,128.9400869954837,True,15
plaatsje,122.6156450569041,True,15
tempel,137.7416392028707,True,15
cinema,124.25438259281208,True,15
bus,127.03917826105967,True,15
montagehal,126.31555548661859,True,15
moskee,132.6957718529134,True,15
metro,127.60409949271421,True,15
campus,133.51173221673068,True,17
boetiek,125.6519951007085,True,17
tempel,134.50795243191925,True,17
gieterij,120.30864727852449,True,17
afgrond,136.62322422258194,True,17
trein,136.43374127538047,True,17
camper,129.02085822453535,True,17
caravan,131.3145018460838,True,17
tram,129.80592223410056,True,17
duinen,142.84997557628415,True,17
firma,133.33778229552678,True,17
universiteit,131.54625180495069,True,17
tent,127.67973812607578,True,17
hut,123.69442363918886,True,17
warenhuis,134.9754761756615,True,17
montagehal,124.4707116938236,True,17
fabriek,118.94217309720314,True,17
kloof,139.49176868316323,True,17
metro,130.64082692213393,True,17
winkel,119.31533245670707,True,17
supermarkt,136.69544156447873,True,17
heiligdom,131.15067942609556,True,17
bus,122.85562040499559,True,17
bos,138.6134122741521,True,17
gieterij,123.64102846272985,True,19
dorp,132.3803464556136,True,19
sacristie,129.84215340527268,True,19
helikopter,125.3880277354236,True,19
vliegtuig,130.94235559210122,True,19
woning,122.71902852099244,True,19
kapel,120.7772202535885,True,19
straaljager,133.70410794784502,True,19
plaatsje,123.78025556234569,True,19
universiteit,125.96634698492008,True,19
basiliek,127.88695793647176,True,19
luchtballon,128.29149446839796,True,19
fabriek,120.62638497975732,True,19
crypte,119.13777579195505,True,19
bioscoop,127.19370024881846,True,19
huis,132.71194836673823,True,19
hut,127.76155079229719,True,19
hogeschool,131.97217110846276,True,19
campus,138.62968980538028,True,19
faculteit,139.071559966069,True,19
gehucht,134.31263106342482,True,19
stadje,123.56599887619772,True,19
cinema,129.45266476651284,True,19
caravan,137.04513048106867,True,19
warenhuis,132.0548230947019,True,21
faculteit,135.51704082836818,True,21
terras,129.7814720668477,True,21
serre,132.81958029339606,True,21
vliegtuig,132.75937775634506,True,21
moskee,129.69734231467035,True,21
hogeschool,130.9661152962649,True,21
plaatsje,129.78884011475043,True,21
camper,130.3643522299834,True,21
boetiek,124.83576085558262,True,21
helikopter,128.15803648424003,True,21
gieterij,122.07545010171245,True,21
supermarkt,136.11292434451758,True,21
straaljager,132.74012693803732,True,21
campus,132.66857765506361,True,21
synagoge,120.45773189999237,True,21
fabriek,120.23359399024875,True,21
caravan,131.06631194488605,True,21
heiligdom,134.96646746838613,True,21
luchtballon,125.50794862403696,True,21
winkel,116.17848892087224,True,21
universiteit,125.89862714485169,True,21
tempel,136.58704913576716,True,21
dorp,136.1260644980536,True,21
plantenkas,117.28568359699872,True,23
ravijn,139.35750972973753,True,23
cinema,127.71420908084085,True,23
hogeschool,129.6049966109077,True,23
bus,132.89865790796102,True,23
kapel,123.27679148504504,True,23
tuin,130.04275830227792,True,23
fabriek,122.98932080884967,True,23
gieterij,119.8058219215508,True,23
universiteit,130.94285074662247,True,23
firma,132.5707667298777,True,23
serre,131.13604899442035,True,23
terras,130.02184425837328,True,23
montagehal,124.12455737465817,True,23
greppel,132.98812551502175,True,23
bioscoop,122.81919880595231,True,23
theater,126.5079624418576,True,23
winkel,122.86587179052478,True,23
supermarkt,138.85483657182814,True,23
basiliek,129.92173052518487,True,23
filmhuis,125.18159402781343,True,23
sacristie,125.04475327603771,True,23
trein,146.37120406069675,True,23
crypte,115.02759828817891,True,23
bioscoop,118.94570815634602,True,25
filmhuis,125.80188780432364,True,25
metro,128.24191440987278,True,25
bus,127.4642616998071,True,25
gehucht,136.52845693572,True,25
trein,140.90685016298116,True,25
universiteit,129.28108994048472,True,25
dorp,129.9963983392339,True,25
boetiek,130.70598862501618,True,25
hut,131.36922957318578,True,25
tram,130.96199063886425,True,25
gieterij,119.32842262133012,True,25
stadje,125.06616472599616,True,25
theater,129.17736466160818,True,25
cinema,122.54464446740099,True,25
hogeschool,132.02564684868105,True,25
firma,133.91794139015076,True,25
montagehal,123.65485471512136,True,25
camper,137.83117882100416,True,25
basiliek,131.95146008563137,True,25
plaatsje,123.75215081883016,True,25
fabriek,118.19235152467277,True,25
crypte,125.0753655813198,True,25
winkel,122.4251754818484,True,25
straaljager,133.0529636591151,True,27
kapel,126.0105287086014,True,27
tent,131.53475461987284,True,27
hogeschool,127.89365353227427,True,27
universiteit,124.1809923196042,True,27
tram,129.2500274085844,True,27
filmhuis,127.13047248413037,True,27
faculteit,136.78421055564698,True,27
luchtballon,125.08855166037483,True,27
boetiek,129.7659569442686,True,27
afgrond,138.5701654486981,True,27
metro,132.6548331330447,True,27
caravan,132.33664494796238,True,27
hut,126.36809300041253,True,27
warenhuis,136.4811736677919,True,27
trein,136.9333736704076,True,27
basiliek,128.58410793756957,True,27
sacristie,130.69852067104944,True,27
crypte,118.0340334096996,True,27
camper,129.8898594005798,True,27
bus,125.8091923870817,True,27
bioscoop,122.64982347047115,True,27
campus,135.11937809402764,True,27
kloof,139.237537785889,True,27
moskee,128.60193047168264,True,29
bos,145.599990715145,True,29
faculteit,134.04864728378783,True,29
tent,134.0964804170438,True,29
campus,132.44576162999618,True,29
gieterij,120.02042780169656,True,29
camper,136.45170073141054,True,29
tram,134.19661374654777,True,29
metro,134.20269517022942,True,29
synagoge,119.48814602028129,True,29
supermarkt,139.4607600567851,True,29
theater,124.15544304878875,True,29
caravan,135.7805300799798,True,29
boetiek,128.37749711137772,True,29
hut,128.98765497761835,True,29
hogeschool,124.11246927199676,True,29
firma,132.5013090672253,True,29
universiteit,122.8340557923463,True,29
bioscoop,117.7924143301001,True,29
cinema,120.9065432233173,True,29
park,135.24909511436024,True,29
filmhuis,122.57778889328519,True,29
montagehal,122.28382354310209,True,29
fabriek,119.69238232295842,True,29
kloof,143.0337657794637,True,31
kapel,126.06470686450955,True,31
bus,127.02669160807194,True,31
gieterij,120.13902143740599,True,31
firma,132.1728558862768,True,31
universiteit,129.4346196642215,True,31
basiliek,132.36203394600605,True,31
kiepwagen,123.83598666017043,True,31
faculteit,139.02740998323068,True,31
afgrond,139.56803518777923,True,31
metro,134.40970087569067,True,31
plantenkas,113.9360551260437,True,31
boetiek,125.53114972851554,True,31
supermarkt,137.84933428512988,True,31
warenhuis,134.75516703499136,True,31
graafmachine,124.61449133616316,True,31
terras,130.18136306187927,True,31
tuin,125.41725369563785,True,31
fabriek,119.39196271986815,True,31
montagehal,122.79207561575913,True,31
trein,138.26910867537867,True,31
winkel,118.47381841934468,True,31
tram,129.55088420295203,True,31
serre,129.6422493337558,True,31
tuin,126.93490954617917,True,33
tent,127.03822606181748,True,33
synagoge,120.18413950247795,True,33
universiteit,128.00942760570584,True,33
kiepwagen,124.3150926381931,True,33
trein,138.71373195550274,True,33
bulldozer,140.26825269216886,True,33
terras,126.33066156272923,True,33
heiligdom,131.76636631431944,True,33
serre,129.860210931397,True,33
faculteit,136.77720704214988,True,33
montagehal,124.8974449272231,True,33
greppel,125.7327051558529,True,33
plantenkas,113.86974384107282,True,33
fabriek,124.74907575629736,True,33
metro,136.63996965524527,True,33
tram,128.94087696948023,True,33
tempel,133.146387850727,True,33
hut,125.56720090321598,True,33
bus,125.94642048603139,True,33
campus,134.82861636455684,True,33
moskee,129.9240278203672,True,33
ravijn,134.11454457834847,True,33
hogeschool,127.47488545532252,True,33
plaatsje,125.33322941203889,True,35
warenhuis,135.8529797066784,True,35
plantenkas,115.62688774207913,True,35
vliegtuig,133.96491990135308,True,35
hogeschool,131.42951874233302,True,35
firma,135.93482767367217,True,35
faculteit,136.7478531700372,True,35
campus,131.0933182461389,True,35
synagoge,123.46968340715138,True,35
helikopter,127.698649709193,True,35
fabriek,119.91820975050996,True,35
serre,132.51314709278404,True,35
dorp,132.5276130080641,True,35
camper,129.95220248150557,True,35
gehucht,134.45140791186904,True,35
heiligdom,136.32054947056972,True,35
hut,125.90711524960787,True,35
caravan,132.6269667392692,True,35
stadje,124.28406803785761,True,35
winkel,117.05140774674665,True,35
universiteit,127.47489493170637,True,35
boetiek,126.23264902020678,True,35
supermarkt,136.22968092802256,True,35
tent,133.27980642258436,True,35
theater,128.6638146504579,True,37
luchtballon,129.14647547839704,True,37
firma,133.94324654112808,True,37
gehucht,138.7819540145917,True,37
filmhuis,126.95069936652729,True,37
helikopter,130.313837877302,True,37
supermarkt,137.71149904393317,True,37
afgrond,140.12850904706255,True,37
greppel,134.40555437578294,True,37
plaatsje,128.5253053374166,True,37
sacristie,129.05340957426822,True,37
cinema,122.11497594241408,True,37
bioscoop,122.33688855581039,True,37
boetiek,128.80064498350956,True,37
faculteit,134.1131909804193,True,37
hogeschool,126.39566694198798,True,37
fabriek,119.94615790669897,True,37
straaljager,135.02458879348922,True,37
crypte,120.1131911416646,True,37
vliegtuig,134.26290272973725,True,37
winkel,118.97128470872593,True,37
warenhuis,133.49626582362643,True,37
campus,135.40030092609842,True,37
universiteit,125.09935182959292,True,37
serre,135.06281017540468,True,39
metro,129.65427417670534,True,39
appartement,139.00490545358264,True,39
synagoge,122.2108561815987,True,39
moskee,132.16148500561397,True,39
tram,124.63348327003507,True,39
bulldozer,142.51635829587627,True,39
dorp,128.8102163513776,True,39
plaatsje,124.75358271506418,True,39
hogeschool,129.25565684171676,True,39
bioscoop,124.51725899972722,True,39
campus,134.65280885415282,True,39
truck,139.29352547106507,True,39
universiteit,126.71446673039749,True,39
bus,121.80295913773352,True,39
plantenkas,118.13206160682228,True,39
stadje,124.23555413221486,True,39
filmhuis,126.37682839494458,True,39
graafmachine,126.46120861450436,True,39
kiepwagen,125.05317383392249,True,39
woning,123.0065286209281,True,39
trein,136.08155852960607,True,39
faculteit,137.39468548391673,True,39
gehucht,135.96166128929926,True,39
duinen,144.230957104989,True,41
tram,127.44167322020431,True,41
campus,131.791139013408,True,41
hogeschool,126.8029111612328,True,41
universiteit,127.1339376640217,True,41
park,130.08109061935414,True,41
cinema,124.75294564210009,True,41
moskee,129.7896182686189,True,41
filmhuis,126.90638385677026,True,41
tuin,126.15005474999391,True,41
gehucht,136.65028762739578,True,41
dorp,131.64563765508913,True,41
tempel,133.93885991468653,True,41
serre,133.15325579251626,True,41
heiligdom,132.20014857008002,True,41
bus,128.32824604882043,True,41
metro,130.72669696442725,True,41
trein,141.41026086051482,True,41
firma,136.1547932646991,True,41
synagoge,120.7743753353017,True,41
fabriek,121.2831032199862,True,41
faculteit,134.9651001369331,True,41
terras,129.39295557686376,True,41
plantenkas,119.45410110767973,True,41
huis,135.8585662466375,True,43
warenhuis,131.10336498418746,True,43
hogeschool,128.92812070299692,True,43
pand,118.33355528464023,True,43
universiteit,128.96280792370112,True,43
fabriek,117.53970304287702,True,43
bioscoop,116.7699061243456,True,43
tempel,137.09589140355436,True,43
filmhuis,122.5802775936447,True,43
cinema,119.38497233458274,True,43
winkel,114.98873739540045,True,43
montagehal,124.05409987724468,True,43
trein,144.55815185088562,True,43
appartement,134.31633708389688,True,43
gieterij,118.87652631669388,True,43
duinen,152.4329465614983,True,43
firma,130.9941671208876,True,43
theater,124.02156817153379,True,43
park,136.1644608537671,True,43
moskee,128.8163377358976,True,43
supermarkt,140.98822527220892,True,43
bus,126.68872627043675,True,43
woning,118.48984693074372,True,43
boetiek,124.72220299153821,True,43
trein,136.6960214803592,True,45
plantenkas,116.32088503757211,True,45
tram,126.36646603237608,True,45
basiliek,129.60234679667425,True,45
gieterij,122.93653678678734,True,45
metro,133.42498649107307,True,45
appartement,137.8375885160217,True,45
graafmachine,124.94254754257894,True,45
crypte,117.26299828691194,True,45
bos,138.4859114952984,True,45
fabriek,122.32371018206666,True,45
woud,143.78697989521837,True,45
serre,130.86289833550228,True,45
woning,118.12792400060205,True,45
faculteit,142.83580704624745,True,45
pand,121.05442734908708,True,45
kapel,120.54900205665757,True,45
huis,130.94837176722007,True,45
sacristie,126.41760697205038,True,45
truck,138.11740010460122,True,45
bus,122.81574397291396,True,45
kiepwagen,126.4918909886447,True,45
universiteit,130.56888956435955,True,45
bulldozer,139.11618790799713,True,45
camper,135.9710915804402,True,47
trein,137.2485548499717,True,47
campus,135.25060434651525,True,47
woning,120.65172604149308,True,47
hut,128.6938761659091,True,47
burcht,128.14466737288888,True,47
fabriek,122.75967440442042,True,47
vesting,120.57530178257937,True,47
firma,138.35888106501278,True,47
metro,130.79333842057292,True,47
ravijn,137.1663283215803,True,47
greppel,131.85084799094372,True,47
theater,126.87952562760333,True,47
huis,133.1357559148834,True,47
cinema,123.37479718700065,True,47
appartement,137.6748306463133,True,47
filmhuis,124.997995018198,True,47
bioscoop,121.06341362117115,True,47
universiteit,123.09308822264772,True,47
faculteit,135.75064115119275,True,47
bus,123.22764550447802,True,47
tram,127.26468896772995,True,47
hogeschool,123.84352904615083,True,47
pand,120.9798613091148,True,47
gieterij,120.89188451405154,True,49
tuin,129.79988295743857,True,49
ravijn,140.9653730881355,True,49
camper,134.69638085395988,True,49
cinema,126.8528599722371,True,49
supermarkt,138.80854550838092,True,49
fabriek,125.06298297429029,True,49
plantenkas,113.63255925279958,True,49
campus,133.023134786773,True,49
kloof,140.31487726500418,True,49
universiteit,125.33782159702464,True,49
terras,128.32651817904465,True,49
filmhuis,124.39248337315877,True,49
hogeschool,125.48581719554394,True,49
montagehal,122.32002980639379,True,49
theater,125.65111913294396,True,49
bioscoop,121.82061356244245,True,49
sacristie,129.3018673538822,True,49
crypte,117.50162751123337,True,49
faculteit,134.70640330743595,True,49
serre,131.41056260761158,True,49
caravan,138.6035531617389,True,49
firma,132.89043676580428,True,49
boetiek,128.1816695722694,True,49
fabriek,118.40849004377377,True,51
cinema,118.93422411988674,True,51
universiteit,129.51250159746445,True,51
bioscoop,117.65348359242351,True,51
trein,140.90881008348444,True,51
winkel,119.39820162478605,True,51
supermarkt,142.22002719066376,True,51
kiepwagen,126.05191833865787,True,51
boetiek,127.71654386889183,True,51
campus,139.78507104106072,True,51
bus,125.71930620827288,True,51
fort,125.39927428375613,True,51
pand,120.40361534445078,True,51
huis,137.16809489484322,True,51
montagehal,122.59934326988008,True,51
warenhuis,132.7230542186143,True,51
gieterij,118.39991495118701,True,51
tram,129.5076733524599,True,51
graafmachine,128.37866899911836,True,51
filmhuis,122.73948798084271,True,51
metro,130.56967382652496,True,51
firma,133.74164512861412,True,51
vesting,124.6311322795136,True,51
theater,126.0897692546278,True,51
cinema,121.84871358039182,True,53
stadje,122.8099474885452,True,53
gehucht,132.77026154311582,True,53
montagehal,127.18979073802763,True,53
hogeschool,127.28099664116354,True,53
fabriek,119.24749046762655,True,53
winkel,118.6209565526764,True,53
faculteit,134.62930291636843,True,53
supermarkt,137.5769174808326,True,53
universiteit,126.49331018357735,True,53
caravan,136.60210205484634,True,53
camper,132.516676916652,True,53
plaatsje,122.97236849625104,True,53
bus,123.46692714755314,True,53
metro,127.30809252409642,True,53
tram,128.10240793681368,True,53
boetiek,129.04042623668488,True,53
campus,130.47467696342608,True,53
dorp,126.02652468994272,True,53
theater,130.74743636060768,True,53
duinen,149.27162395047012,True,53
warenhuis,134.39629563953144,True,53
trein,138.16177132168707,True,53
park,128.53327341370627,True,53
campus,133.5007040467137,True,55
winkel,115.57651143976062,True,55
universiteit,127.82263952397894,True,55
hogeschool,128.21258925680252,True,55
supermarkt,140.7500325877579,True,55
montagehal,122.16994341247619,True,55
truck,142.792820911224,True,55
faculteit,136.16329765636934,True,55
firma,130.5527774595647,True,55
pand,119.51247211333408,True,55
woning,120.04738744719629,True,55
plantenkas,113.1517333990873,True,55
warenhuis,130.38840931125122,True,55
boetiek,123.61512543992956,True,55
heiligdom,135.30126993092466,True,55
appartement,138.63018905014349,True,55
tempel,134.7926054462511,True,55
huis,136.50188447873785,True,55
bioscoop,120.36071235896574,True,55
serre,133.403272391653,True,55
kiepwagen,128.96789860211177,True,55
cinema,124.30505855209812,True,55
gieterij,119.6606423005131,True,55
fabriek,118.95481500155694,True,55
appartement,136.84664710553926,True,57
universiteit,123.30905880155619,True,57
filmhuis,123.30547694458267,True,57
ravijn,134.0783737346414,True,57
park,130.72863125699882,True,57
pand,122.12787970668131,True,57
tram,129.27225998652128,True,57
luchtballon,130.45192978576318,True,57
cinema,122.17713355781841,True,57
woning,120.91434874538363,True,57
helikopter,129.2673754184981,True,57
bos,138.9091541795871,True,57
moskee,133.9194582441154,True,57
campus,134.6189972203885,True,57
afgrond,139.0635381168991,True,57
vliegtuig,133.3465143546087,True,57
straaljager,132.7254803232707,True,57
metro,130.5394337224592,True,57
hogeschool,125.94258537760615,True,57
huis,131.79186836408172,True,57
theater,125.14532205015946,True,57
tempel,138.04698955409538,True,57
bioscoop,120.88843158100339,True,57
faculteit,135.01324142056157,True,57
firma,133.02340351000342,True,59
bus,125.50530790545109,True,59
duinen,144.86979648175856,True,59
metro,129.52171281019642,True,59
bioscoop,117.77618152041005,True,59
moskee,129.03305630565941,True,59
synagoge,119.34159816329878,True,59
heiligdom,128.85787068573092,True,59
trein,141.95322605211783,True,59
tempel,132.58066158823956,True,59
afgrond,140.6750574037227,True,59
caravan,138.29596026902087,True,59
gieterij,121.91850060235086,True,59
hogeschool,128.52884198631142,True,59
fabriek,119.24935560910086,True,59
cinema,121.40701120672216,True,59
theater,123.50887737870642,True,59
campus,135.57214704301458,True,59
montagehal,123.8479106524492,True,59
hut,127.35113117724896,True,59
tram,130.35703200810968,True,59
kloof,139.79773406963432,True,59
filmhuis,122.93829195466242,True,59
bos,139.13153488888824,True,59
campus,137.56670415141136,True,61
pand,120.46422674594305,True,61
serre,134.7383835265234,True,61
supermarkt,138.20446968499624,True,61
metro,131.10831032096135,True,61
fabriek,120.13118752380561,True,61
trein,139.70227017313485,True,61
camper,132.4018586112969,True,61
huis,135.1397193061292,True,61
firma,135.37114263046047,True,61
montagehal,124.35933926418343,True,61
hut,129.52342865777356,True,61
appartement,134.87293106704215,True,61
plantenkas,114.71570070560804,True,61
bus,122.6813517031558,True,61
woning,118.19686749275354,True,61
tram,128.77245043908243,True,61
bioscoop,117.13443220500073,True,61
gieterij,120.61721494091803,True,61
hogeschool,133.93379457583555,True,61
cinema,124.41941502740457,True,61
filmhuis,123.28337365000252,True,61
theater,127.17836646151248,True,61
winkel,118.40016990378473,True,61
universiteit,128.65287211863068,True,63
firma,132.50384401522794,True,63
basiliek,129.65187649257066,True,63
trein,142.71778342807096,True,63
warenhuis,134.4587387098865,True,63
supermarkt,135.38689593785378,True,63
theater,127.34060141576794,True,63
gieterij,117.84970026253636,True,63
fabriek,117.80248208817439,True,63
tram,133.89117362237425,True,63
tent,134.67502996040182,True,63
winkel,117.79008386264121,True,63
bioscoop,118.53066677940662,True,63
camper,133.54172836484972,True,63
gehucht,141.56316761947147,True,63
cinema,121.42006455862497,True,63
boetiek,125.65431682957538,True,63
hogeschool,131.35738726963856,True,63
stadje,131.1395729400887,True,63
filmhuis,124.74818685217895,True,63
hut,129.1300555208211,True,63
montagehal,122.66428955096762,True,63
sacristie,129.75672168992793,True,63
caravan,133.70500761311496,True,63
gieterij,120.77237151498056,True,65
hogeschool,128.60301067550523,True,65
kloof,142.3996151777275,True,65
supermarkt,137.21589452094517,True,65
bus,128.84462326762164,True,65
bioscoop,117.00540755130245,True,65
afgrond,139.6109154395372,True,65
winkel,118.67911327253215,True,65
basiliek,130.1704582935905,True,65
fabriek,119.87885465831576,True,65
cinema,117.91121931147187,True,65
filmhuis,123.01568395518927,True,65
boetiek,127.90792367937307,True,65
tram,131.28537962698695,True,65
crypte,120.47141358994361,True,65
faculteit,139.3330109766769,True,65
warenhuis,132.0436671097184,True,65
trein,142.2260656877487,True,65
metro,131.0185610121701,True,65
tuin,128.6781447443313,True,65
terras,130.44552443109296,True,65
firma,133.11904484887975,True,65
montagehal,123.61218690773252,True,65
theater,124.28459974480268,True,65
theater,126.20474839756068,True,67
cinema,119.26072865672087,True,67
kiepwagen,126.71716763085621,True,67
faculteit,138.53584354472795,True,67
trein,141.19778105435822,True,67
montagehal,124.65154725839616,True,67
kapel,124.47318193935135,True,67
warenhuis,132.63812886248587,True,67
winkel,118.40802708690823,True,67
bioscoop,120.42766895273999,True,67
filmhuis,123.46603164530066,True,67
universiteit,128.92537409102795,True,67
graafmachine,129.047519788074,True,67
bus,129.44456848487982,True,67
crypte,119.78579641372045,True,67
supermarkt,137.2872576757835,True,67
basiliek,128.4386936297305,True,67
firma,134.63161863566472,True,67
terras,129.53687249184745,True,67
sacristie,127.46274947064842,True,67
metro,133.77577666315858,True,67
tuin,127.44006714813742,True,67
tram,129.87811928101007,True,67
boetiek,130.02464799723086,True,67
dorp,131.56235667617096,True,69
afgrond,141.52846148209605,True,69
gieterij,123.68463312738714,True,69
terras,127.13217746382416,True,69
serre,132.85246049736583,True,69
bioscoop,123.69643736648796,True,69
filmhuis,125.57727221218326,True,69
tuin,129.82624281606934,True,69
tram,132.16401000565952,True,69
plaatsje,123.63528591122719,True,69
stadje,124.36270738100508,True,69
campus,137.3716060395551,True,69
kloof,136.8549954964147,True,69
cinema,123.84508405437568,True,69
trein,140.21910369020782,True,69
firma,136.45348403220618,True,69
universiteit,131.00625495764066,True,69
gehucht,137.21936543872786,True,69
truck,139.53092302135911,True,69
kiepwagen,124.8862975286759,True,69
graafmachine,125.12888938439343,True,69
bulldozer,140.92481230473345,True,69
theater,129.45006130962003,True,69
plantenkas,116.18231951830842,True,69
supermarkt,139.75415581947595,True,71
woud,145.08158994287936,True,71
woning,121.60703700321156,True,71
synagoge,115.29826787225194,True,71
montagehal,121.61511839721983,True,71
duinen,148.3658982709914,True,71
bioscoop,118.39344022455572,True,71
truck,140.8899112927558,True,71
moskee,125.86469829425195,True,71
warenhuis,132.7202704859614,True,71
bulldozer,141.08496618110138,True,71
graafmachine,124.9853780373333,True,71
firma,132.5245343276802,True,71
appartement,138.4035100941023,True,71
universiteit,129.06003336582995,True,71
boetiek,125.41548361477537,True,71
tempel,132.3552421329286,True,71
winkel,116.49137428555585,True,71
cinema,118.30879948761238,True,71
kiepwagen,125.5342603236359,True,71
faculteit,136.80058417971858,True,71
filmhuis,122.85345437813501,True,71
theater,124.14361378269385,True,71
heiligdom,131.18054375543304,True,71
truck,143.10542792796647,True,73
bulldozer,142.84498123689724,True,73
montagehal,123.62359846414199,True,73
filmhuis,124.9570483907644,True,73
graafmachine,126.37021625331867,True,73
faculteit,133.01306470579914,True,73
hogeschool,125.58719585852953,True,73
bioscoop,122.43020980294551,True,73
terras,127.68250543567048,True,73
warenhuis,135.59755950727873,True,73
theater,125.7140406649207,True,73
kapel,127.61214172508006,True,73
cinema,122.30640032603384,True,73
park,134.80159871878237,True,73
duinen,150.8519388680386,True,73
universiteit,126.02224699683599,True,73
gieterij,123.58696168602285,True,73
kiepwagen,126.6746650436577,True,73
tuin,126.70806952247064,True,73
winkel,120.9396483452612,True,73
basiliek,132.13812656890602,True,73
campus,133.68817294627837,True,73
serre,132.24509134087728,True,73
plantenkas,114.62909624755467,True,73
bus,131.95295033948963,True,75
plantenkas,119.21012436432514,True,75
heiligdom,130.71639231833439,True,75
cinema,124.79268811409788,True,75
greppel,129.6924903970783,True,75
trein,144.7711548541156,True,75
afgrond,142.89393000610414,True,75
tempel,131.6973368096253,True,75
terras,127.93779441662485,True,75
firma,136.57894954964945,True,75
gieterij,123.08963789673007,True,75
faculteit,138.79832805443445,True,75
plaatsje,125.1013269965782,True,75
stadje,125.2977313240212,True,75
hogeschool,129.39537907540563,True,75
serre,132.31155154004355,True,75
moskee,131.3925885313985,True,75
tuin,128.49044060825747,True,75
theater,124.98191332407953,True,75
filmhuis,123.35756805869761,True,75
gehucht,137.55788183760555,True,75
dorp,132.99821033138676,True,75
bioscoop,121.59970947634864,True,75
synagoge,121.64963367483627,True,75
woning,119.85019671268789,True,77
graafmachine,128.3010157107339,True,77
basiliek,129.19342703256999,True,77
kapel,121.92780696626365,True,77
dorp,127.4697820638197,True,77
plaatsje,124.34694477122055,True,77
appartement,138.21390789577683,True,77
stadje,123.54476977075174,True,77
winkel,120.4401599075674,True,77
bulldozer,142.14776928617002,True,77
sacristie,127.40930509982557,True,77
crypte,119.81023296421822,True,77
universiteit,128.73850567430634,True,77
truck,138.6209535803639,True,77
hogeschool,129.34834423104672,True,77
faculteit,137.1327331272521,True,77
tent,135.15957543441,True,77
gehucht,134.15665879811849,True,77
metro,133.3575487066425,True,77
hut,125.47788415241382,True,77
campus,134.70696317718935,True,77
kiepwagen,129.2987945220594,True,77
warenhuis,138.21168029755566,True,77
tram,129.09842020829174,True,77
theater,125.98342355796916,True,79
bus,127.27434676391175,True,79
tent,132.32842198549918,True,79
crypte,119.10042136754508,True,79
kapel,123.55455509470309,True,79
filmhuis,124.70079592156188,True,79
trein,137.98188574918368,True,79
tram,127.51127135534138,True,79
greppel,129.64538409194344,True,79
cinema,123.71139636666332,True,79
universiteit,126.39004794411453,True,79
metro,130.38840393333246,True,79
woning,120.93915234747517,True,79
camper,136.70200610414304,True,79
basiliek,128.75259500781394,True,79
gehucht,140.04532194972202,True,79
campus,134.2987317386333,True,79
faculteit,136.98398037591363,True,79
hogeschool,126.90944351856356,True,79
appartement,138.03864705794874,True,79
sacristie,129.37281401755968,True,79
afgrond,141.1640730218525,True,79
bioscoop,122.31059021451732,True,79
stadje,127.69475840622906,True,79
appartement,136.46253943039125,True,81
stadje,120.53762448255905,True,81
fabriek,122.32374726067813,True,81
cinema,126.92383814706038,True,81
camper,134.94542078481823,True,81
campus,134.09818765273025,True,81
tent,132.3500127812399,True,81
huis,132.48799449128902,True,81
pand,120.22481104324217,True,81
dorp,126.27311897772002,True,81
woning,121.17495510032047,True,81
bus,122.53486568121367,True,81
greppel,129.32426260052637,True,81
faculteit,138.2909622274789,True,81
theater,130.87857707734864,True,81
trein,135.16432182993992,True,81
ravijn,134.00346012306377,True,81
metro,127.70121552809448,True,81
plaatsje,121.14251661536412,True,81
gehucht,132.99554064943823,True,81
universiteit,126.70215602652159,True,81
gieterij,124.68874496099531,True,81
tram,126.69204318312093,True,81
hogeschool,128.13936325440852,True,81
gehucht,134.64401861678513,True,83
truck,141.82300030758853,True,83
tuin,129.561768349983,True,83
bus,125.95276458609857,True,83
serre,132.54052790140238,True,83
plaatsje,124.59747241971789,True,83
stadje,123.31371319803239,True,83
tempel,133.89696617138898,True,83
heiligdom,130.94497560245858,True,83
terras,127.52831860357853,True,83
campus,134.1338353104463,True,83
filmhuis,125.50497254550143,True,83
metro,130.2239327257251,True,83
theater,128.83887084662186,True,83
dorp,128.6994428037686,True,83
graafmachine,128.02088114069184,True,83
synagoge,120.67558174416007,True,83
plantenkas,117.79474658770167,True,83
moskee,131.60538577041862,True,83
montagehal,124.80354962484923,True,83
universiteit,133.29100010252844,True,83
trein,139.76108108400683,True,83
tram,127.74514260213267,True,83
fabriek,120.94328470975516,True,83
faculteit,134.68921152995304,True,85
montagehal,121.68743099617444,True,85
fabriek,121.94713776493342,True,85
bioscoop,122.09180169935422,True,85
plantenkas,117.49525940524757,True,85
serre,135.23186631657427,True,85
basiliek,133.0270615936442,True,85
terras,130.45713018588913,True,85
universiteit,125.54924177428573,True,85
hogeschool,125.73630018725764,True,85
gieterij,120.85540834367123,True,85
firma,131.99584106087877,True,85
campus,136.28358472924722,True,85
stadje,133.00133698191232,True,85
tuin,129.5109442917557,True,85
winkel,122.12974738017746,True,85
boetiek,128.83126526975286,True,85
dorp,140.73871744072468,True,85
filmhuis,124.80204729101986,True,85
graafmachine,128.43268253743904,True,85
crypte,122.17272067084902,True,85
kiepwagen,129.34362711215854,True,85
cinema,125.16855857232731,True,85
theater,125.72211039213151,True,85
gieterij,119.76662641298209,True,87
bioscoop,119.52957446779315,True,87
theater,128.68112821372506,True,87
gehucht,137.64979121058383,True,87
stadje,125.56411795528724,True,87
hogeschool,132.5715091869028,True,87
plaatsje,123.4231926624648,True,87
trein,137.62263479260304,True,87
boetiek,128.07597001103954,True,87
supermarkt,137.47744102953584,True,87
cinema,120.75184610031864,True,87
tent,136.0115800602197,True,87
hut,129.27178944456762,True,87
winkel,120.8784642759994,True,87
dorp,128.40019552277954,True,87
kiepwagen,125.75863848604837,True,87
filmhuis,123.39121168560223,True,87
warenhuis,137.1105711638197,True,87
montagehal,125.1252646647235,True,87
tram,128.33319835476357,True,87
graafmachine,128.8749567726325,True,87
bus,124.50947579958613,True,87
metro,126.55693495522131,True,87
universiteit,131.1634320678929,True,87
kapel,127.4252345960625,True,89
firma,133.02548380709717,True,89
warenhuis,134.69554589633498,True,89
plantenkas,115.48462109369225,True,89
winkel,116.7448200495534,True,89
kiepwagen,126.70385147580862,True,89
tuin,126.20832596735757,True,89
universiteit,126.71376055737963,True,89
truck,140.80277369265136,True,89
supermarkt,139.5820983526263,True,89
plaatsje,129.13952375269878,True,89
bioscoop,124.32268288560215,True,89
boetiek,126.36233451236316,True,89
basiliek,132.89215204547992,True,89
bulldozer,143.0657698861074,True,89
faculteit,134.32907878145835,True,89
cinema,122.63215867074928,True,89
campus,135.05144165269263,True,89
stadje,130.66940795914687,True,89
graafmachine,127.19303713732945,True,89
fabriek,120.57916981418728,True,89
serre,132.12660728467375,True,89
hogeschool,128.110024449537,True,89
terras,127.78137737503477,True,89
bulldozer,145.54927073085042,True,91
plaatsje,128.72404165941342,True,91
dorp,132.35997622181307,True,91
kapel,124.74194705574291,True,91
greppel,130.27198428515428,True,91
bioscoop,123.65051690608146,True,91
hogeschool,125.46825575023459,True,91
montagehal,123.67902647697869,True,91
cinema,122.26879178238642,True,91
universiteit,126.49718305553355,True,91
basiliek,129.55230735026979,True,91
afgrond,140.47605468683363,True,91
tram,127.97056202381454,True,91
fabriek,121.2534076639256,True,91
campus,137.96121324882546,True,91
bus,128.3319547941336,True,91
kiepwagen,126.88345960647284,True,91
sacristie,129.89938594664991,True,91
crypte,120.86033984198988,True,91
theater,125.11062355566641,True,91
trein,140.40231951706187,True,91
metro,130.50107513562406,True,91
filmhuis,124.30077802872776,True,91
faculteit,136.10082597473917,True,91
cinema,122.7467118096919,True,93
terras,126.00006345557901,True,93
afgrond,138.40097423157874,True,93
straaljager,137.3928820781901,True,93
bioscoop,119.44119443526952,True,93
luchtballon,132.80556949924895,True,93
hogeschool,125.92503999472332,True,93
plantenkas,114.28239249736976,True,93
supermarkt,138.3154350345915,True,93
faculteit,133.8251127783215,True,93
serre,131.26683790604955,True,93
warenhuis,134.3659127997143,True,93
tuin,125.68875272842537,True,93
theater,123.64874966333788,True,93
tram,132.78592777040853,True,93
universiteit,125.0207717028264,True,93
trein,143.47097346084865,True,93
heiligdom,132.6016778869941,True,93
filmhuis,121.7496065624249,True,93
moskee,130.87874792363687,True,93
ravijn,137.41396041469764,True,93
synagoge,119.44192552955333,True,93
campus,133.66780269903927,True,93
tempel,132.79802324515362,True,93
tempel,133.0612899217894,True,95
fabriek,121.49577263185277,True,95
serre,132.9178214176705,True,95
campus,132.68495255234984,True,95
moskee,131.6627558810975,True,95
heiligdom,129.68990485375724,True,95
stadje,125.21361570124401,True,95
bioscoop,119.85226651534187,True,95
plantenkas,116.7949061805225,True,95
caravan,139.75858377737194,True,95
synagoge,120.37227190678122,True,95
dorp,132.7842456428047,True,95
bus,129.2709557905738,True,95
theater,125.94985172766356,True,95
plaatsje,124.61631086545486,True,95
cinema,125.79705329251726,True,95
trein,145.32659508659884,True,95
hogeschool,133.90544478563356,True,95
filmhuis,123.44005201627506,True,95
terras,128.10997258945127,True,95
camper,136.5526423803299,True,95
gieterij,123.54146918088921,True,95
gehucht,135.41968711750968,True,95
tuin,129.7527406082259,True,95
bulldozer,143.82938150478466,True,97
woning,123.17139957009864,True,97
huis,135.8305793986178,True,97
theater,126.21755264466432,True,97
supermarkt,139.10416003539933,True,97
truck,140.29690227084126,True,97
bioscoop,121.81460429424831,True,97
hogeschool,124.53612831965552,True,97
cinema,121.10054582891969,True,97
filmhuis,124.379945614881,True,97
faculteit,133.73935990141405,True,97
warenhuis,132.90477563160462,True,97
universiteit,125.69748951113137,True,97
kiepwagen,126.24701706334329,True,97
crypte,121.00145924695308,True,97
campus,133.93748807328342,True,97
graafmachine,127.00243792762157,True,97
plaatsje,129.10465606177655,True,97
boetiek,127.48771170374137,True,97
gehucht,140.65561848995836,True,97
firma,132.8662789210824,True,97
sacristie,128.63735201656195,True,97
winkel,118.54734352713568,True,97
montagehal,120.92575235415453,True,97
cinema,118.21200678997533,True,99
filmhuis,124.09372315879585,True,99
tempel,136.40795731262065,True,99
boetiek,124.12307062039416,True,99
warenhuis,131.39955017983465,True,99
trein,144.0356527350959,True,99
campus,138.51424912380082,True,99
supermarkt,137.3998251247525,True,99
gieterij,117.82840999754929,True,99
winkel,116.29105407916653,True,99
serre,133.596888586268,True,99
firma,130.78156811275667,True,99
montagehal,120.92987597023998,True,99
truck,139.50069584664544,True,99
theater,125.00732716225026,True,99
kiepwagen,122.80477100242757,True,99
moskee,127.87320101317871,True,99
bioscoop,119.0784862376249,True,99
graafmachine,124.43979778982057,True,99
fabriek,117.72401125156614,True,99
bulldozer,142.64215830137,True,99
metro,135.41430826532388,True,99
tuin,127.41967891302082,True,99
faculteit,138.5085459607825,True,99
